subject,condition,component,amplitude,latency
M1_session_19__set_1_coilqppa.h5,pre,P30,5.4412055,32.4
M1_session_19__set_1_coilqppa.h5,pre,N45,5.343802,35.2
M1_session_19__set_1_coilqppa.h5,pre,P60,4.687256,50.4
M1_session_19__set_1_coilqppa.h5,pre,N100,4.4371314,121.2
M1_session_19__set_1_coilqppa.h5,pre,P180,4.6016293,216.6
M1_session_19__set_1_coilqppa.h5,imagery,P30,6.8149376,31.2
M1_session_19__set_1_coilqppa.h5,imagery,N45,6.5106473,35.0
M1_session_19__set_1_coilqppa.h5,imagery,P60,4.7912445,50.0
M1_session_19__set_1_coilqppa.h5,imagery,N100,6.337461,130.2
M1_session_19__set_1_coilqppa.h5,imagery,P180,5.9388094,217.4
M1_session_19__set_1_coilqppa.h5,post,P30,0.0,20.0
M1_session_19__set_1_coilqppa.h5,post,N45,0.0,35.0
M1_session_19__set_1_coilqppa.h5,post,P60,0.0,50.0
M1_session_19__set_1_coilqppa.h5,post,N100,0.0,80.0
M1_session_19__set_1_coilqppa.h5,post,P180,0.0,150.0
M1_session_19__set_2_coilTpa.h5,pre,P30,4.162736,20.4
M1_session_19__set_2_coilTpa.h5,pre,N45,3.817019,49.8
M1_session_19__set_2_coilTpa.h5,pre,P60,3.8166778,50.0
M1_session_19__set_2_coilTpa.h5,pre,N100,5.81381,114.8
M1_session_19__set_2_coilTpa.h5,pre,P180,4.4151855,201.2
M1_session_19__set_2_coilTpa.h5,imagery,P30,2.9891665,24.0
M1_session_19__set_2_coilTpa.h5,imagery,N45,2.5729585,58.6
M1_session_19__set_2_coilTpa.h5,imagery,P60,2.5729585,58.6
M1_session_19__set_2_coilTpa.h5,imagery,N100,3.015452,115.6
M1_session_19__set_2_coilTpa.h5,imagery,P180,3.7695863,225.2
M1_session_19__set_2_coilTpa.h5,post,P30,0.0,20.0
M1_session_19__set_2_coilTpa.h5,post,N45,0.0,35.0
M1_session_19__set_2_coilTpa.h5,post,P60,0.0,50.0
M1_session_19__set_2_coilTpa.h5,post,N100,0.0,80.0
M1_session_19__set_2_coilTpa.h5,post,P180,0.0,150.0
M1_session_19__set_3_coilTap.h5,pre,P30,5.037264,34.8
M1_session_19__set_3_coilTap.h5,pre,N45,5.027636,35.0
M1_session_19__set_3_coilTap.h5,pre,P60,4.217404,62.6
M1_session_19__set_3_coilTap.h5,pre,N100,6.0885525,104.0
M1_session_19__set_3_coilTap.h5,pre,P180,7.0066442,204.4
M1_session_19__set_3_coilTap.h5,imagery,P30,8.00191,34.6
M1_session_19__set_3_coilTap.h5,imagery,N45,7.98458,43.2
M1_session_19__set_3_coilTap.h5,imagery,P60,6.1623116,50.0
M1_session_19__set_3_coilTap.h5,imagery,N100,6.6979322,134.6
M1_session_19__set_3_coilTap.h5,imagery,P180,5.906283,199.2
M1_session_19__set_3_coilTap.h5,post,P30,0.0,20.0
M1_session_19__set_3_coilTap.h5,post,N45,0.0,35.0
M1_session_19__set_3_coilTap.h5,post,P60,0.0,50.0
M1_session_19__set_3_coilTap.h5,post,N100,0.0,80.0
M1_session_19__set_3_coilTap.h5,post,P180,0.0,150.0
M1_session_20__set_1_coilTap.h5,pre,P30,6.114623,26.2
M1_session_20__set_1_coilTap.h5,pre,N45,5.1099296,35.0
M1_session_20__set_1_coilTap.h5,pre,P60,2.619076,50.0
M1_session_20__set_1_coilTap.h5,pre,N100,4.7183366,128.4
M1_session_20__set_1_coilTap.h5,pre,P180,4.496367,217.4
M1_session_20__set_1_coilTap.h5,imagery,P30,2.934018,27.2
M1_session_20__set_1_coilTap.h5,imagery,N45,2.2679489,60.0
M1_session_20__set_1_coilTap.h5,imagery,P60,3.2638893,75.4
M1_session_20__set_1_coilTap.h5,imagery,N100,2.845293,132.4
M1_session_20__set_1_coilTap.h5,imagery,P180,3.1326241,199.4
M1_session_20__set_1_coilTap.h5,post,P30,0.0,20.0
M1_session_20__set_1_coilTap.h5,post,N45,0.0,35.0
M1_session_20__set_1_coilTap.h5,post,P60,0.0,50.0
M1_session_20__set_1_coilTap.h5,post,N100,0.0,80.0
M1_session_20__set_1_coilTap.h5,post,P180,0.0,150.0
M1_session_20__set_8_coilTpa.h5,pre,P30,4.0065722,33.2
M1_session_20__set_8_coilTpa.h5,pre,N45,4.4833922,50.4
M1_session_20__set_8_coilTpa.h5,pre,P60,4.4833922,50.4
M1_session_20__set_8_coilTpa.h5,pre,N100,3.5009165,108.0
M1_session_20__set_8_coilTpa.h5,pre,P180,3.9004383,156.2
M1_session_20__set_8_coilTpa.h5,imagery,P30,2.419797,36.8
M1_session_20__set_8_coilTpa.h5,imagery,N45,2.7775042,53.0
M1_session_20__set_8_coilTpa.h5,imagery,P60,3.0089934,79.2
M1_session_20__set_8_coilTpa.h5,imagery,N100,3.5612843,91.4
M1_session_20__set_8_coilTpa.h5,imagery,P180,3.5136986,157.6
M1_session_20__set_8_coilTpa.h5,post,P30,0.0,20.0
M1_session_20__set_8_coilTpa.h5,post,N45,0.0,35.0
M1_session_20__set_8_coilTpa.h5,post,P60,0.0,50.0
M1_session_20__set_8_coilTpa.h5,post,N100,0.0,80.0
M1_session_20__set_8_coilTpa.h5,post,P180,0.0,150.0
M1_session_20__set_9_coilqppa.h5,pre,P30,2.3929932,39.8
M1_session_20__set_9_coilqppa.h5,pre,N45,2.66149,48.8
M1_session_20__set_9_coilqppa.h5,pre,P60,2.6207569,50.2
M1_session_20__set_9_coilqppa.h5,pre,N100,3.8418562,122.8
M1_session_20__set_9_coilqppa.h5,pre,P180,2.7156441,216.2
M1_session_20__set_9_coilqppa.h5,imagery,P30,2.2511194,40.0
M1_session_20__set_9_coilqppa.h5,imagery,N45,4.3609037,58.0
M1_session_20__set_9_coilqppa.h5,imagery,P60,4.3609037,58.0
M1_session_20__set_9_coilqppa.h5,imagery,N100,4.2026415,80.0
M1_session_20__set_9_coilqppa.h5,imagery,P180,4.28331,167.0
M1_session_20__set_9_coilqppa.h5,post,P30,0.0,20.0
M1_session_20__set_9_coilqppa.h5,post,N45,0.0,35.0
M1_session_20__set_9_coilqppa.h5,post,P60,0.0,50.0
M1_session_20__set_9_coilqppa.h5,post,N100,0.0,80.0
M1_session_20__set_9_coilqppa.h5,post,P180,0.0,150.0
M1_session_21__set_1_coilTap.h5,pre,P30,2.3421218,24.4
M1_session_21__set_1_coilTap.h5,pre,N45,2.276955,45.2
M1_session_21__set_1_coilTap.h5,pre,P60,1.9388751,50.0
M1_session_21__set_1_coilTap.h5,pre,N100,3.129243,134.8
M1_session_21__set_1_coilTap.h5,pre,P180,3.1310635,167.6
M1_session_21__set_1_coilTap.h5,imagery,P30,2.8631606,37.0
M1_session_21__set_1_coilTap.h5,imagery,N45,2.8631606,37.0
M1_session_21__set_1_coilTap.h5,imagery,P60,3.66398,65.4
M1_session_21__set_1_coilTap.h5,imagery,N100,3.2088077,139.6
M1_session_21__set_1_coilTap.h5,imagery,P180,4.035277,224.6
M1_session_21__set_1_coilTap.h5,post,P30,0.0,20.0
M1_session_21__set_1_coilTap.h5,post,N45,0.0,35.0
M1_session_21__set_1_coilTap.h5,post,P60,0.0,50.0
M1_session_21__set_1_coilTap.h5,post,N100,0.0,80.0
M1_session_21__set_1_coilTap.h5,post,P180,0.0,150.0
M1_session_21__set_3_coilTpa.h5,pre,P30,2.731106,40.0
M1_session_21__set_3_coilTpa.h5,pre,N45,2.9289203,43.0
M1_session_21__set_3_coilTpa.h5,pre,P60,2.8090389,58.2
M1_session_21__set_3_coilTpa.h5,pre,N100,2.7809217,138.6
M1_session_21__set_3_coilTpa.h5,pre,P180,4.233515,196.8
M1_session_21__set_3_coilTpa.h5,imagery,P30,3.3792896,29.8
M1_session_21__set_3_coilTpa.h5,imagery,N45,3.136493,35.0
M1_session_21__set_3_coilTpa.h5,imagery,P60,2.4762099,50.0
M1_session_21__set_3_coilTpa.h5,imagery,N100,3.5163128,140.0
M1_session_21__set_3_coilTpa.h5,imagery,P180,4.328482,177.4
M1_session_21__set_3_coilTpa.h5,post,P30,0.0,20.0
M1_session_21__set_3_coilTpa.h5,post,N45,0.0,35.0
M1_session_21__set_3_coilTpa.h5,post,P60,0.0,50.0
M1_session_21__set_3_coilTpa.h5,post,N100,0.0,80.0
M1_session_21__set_3_coilTpa.h5,post,P180,0.0,150.0
M1_session_21__set_4_coilqppa.h5,pre,P30,2.5757565,40.0
M1_session_21__set_4_coilqppa.h5,pre,N45,3.3487637,45.0
M1_session_21__set_4_coilqppa.h5,pre,P60,2.9645748,50.0
M1_session_21__set_4_coilqppa.h5,pre,N100,4.1553245,111.8
M1_session_21__set_4_coilqppa.h5,pre,P180,3.2000973,201.8
M1_session_21__set_4_coilqppa.h5,imagery,P30,2.84892,34.4
M1_session_21__set_4_coilqppa.h5,imagery,N45,2.8458622,35.0
M1_session_21__set_4_coilqppa.h5,imagery,P60,2.4017336,79.8
M1_session_21__set_4_coilqppa.h5,imagery,N100,4.030553,110.4
M1_session_21__set_4_coilqppa.h5,imagery,P180,3.1382627,202.4
M1_session_21__set_4_coilqppa.h5,post,P30,0.0,20.0
M1_session_21__set_4_coilqppa.h5,post,N45,0.0,35.0
M1_session_21__set_4_coilqppa.h5,post,P60,0.0,50.0
M1_session_21__set_4_coilqppa.h5,post,N100,0.0,80.0
M1_session_21__set_4_coilqppa.h5,post,P180,0.0,150.0
M1_session_22__set_1_coilqppa.h5,pre,P30,1.5977489,23.2
M1_session_22__set_1_coilqppa.h5,pre,N45,1.9666994,52.8
M1_session_22__set_1_coilqppa.h5,pre,P60,2.160971,75.6
M1_session_22__set_1_coilqppa.h5,pre,N100,2.4267921,135.4
M1_session_22__set_1_coilqppa.h5,pre,P180,3.5944927,207.4
M1_session_22__set_1_coilqppa.h5,imagery,P30,1.6443225,24.6
M1_session_22__set_1_coilqppa.h5,imagery,N45,2.0637887,56.6
M1_session_22__set_1_coilqppa.h5,imagery,P60,2.46961,75.0
M1_session_22__set_1_coilqppa.h5,imagery,N100,2.6970887,140.0
M1_session_22__set_1_coilqppa.h5,imagery,P180,3.0502315,177.0
M1_session_22__set_1_coilqppa.h5,post,P30,0.0,20.0
M1_session_22__set_1_coilqppa.h5,post,N45,0.0,35.0
M1_session_22__set_1_coilqppa.h5,post,P60,0.0,50.0
M1_session_22__set_1_coilqppa.h5,post,N100,0.0,80.0
M1_session_22__set_1_coilqppa.h5,post,P180,0.0,150.0
M1_session_22__set_5_coilTpa.h5,pre,P30,2.189867,40.0
M1_session_22__set_5_coilTpa.h5,pre,N45,2.8705564,53.6
M1_session_22__set_5_coilTpa.h5,pre,P60,2.8705564,53.6
M1_session_22__set_5_coilTpa.h5,pre,N100,1.9893912,101.4
M1_session_22__set_5_coilTpa.h5,pre,P180,3.2718406,198.8
M1_session_22__set_5_coilTpa.h5,imagery,P30,2.7113318,29.4
M1_session_22__set_5_coilTpa.h5,imagery,N45,2.9286687,44.8
M1_session_22__set_5_coilTpa.h5,imagery,P60,2.7827299,80.0
M1_session_22__set_5_coilTpa.h5,imagery,N100,2.7827299,80.0
M1_session_22__set_5_coilTpa.h5,imagery,P180,2.550763,199.0
M1_session_22__set_5_coilTpa.h5,post,P30,0.0,20.0
M1_session_22__set_5_coilTpa.h5,post,N45,0.0,35.0
M1_session_22__set_5_coilTpa.h5,post,P60,0.0,50.0
M1_session_22__set_5_coilTpa.h5,post,N100,0.0,80.0
M1_session_22__set_5_coilTpa.h5,post,P180,0.0,150.0
M1_session_22__set_6_coilTap.h5,pre,P30,2.7548313,24.0
M1_session_22__set_6_coilTap.h5,pre,N45,2.2146313,35.0
M1_session_22__set_6_coilTap.h5,pre,P60,1.8440555,64.4
M1_session_22__set_6_coilTap.h5,pre,N100,3.5758648,111.0
M1_session_22__set_6_coilTap.h5,pre,P180,3.8614483,210.2
M1_session_22__set_6_coilTap.h5,imagery,P30,1.910556,20.2
M1_session_22__set_6_coilTap.h5,imagery,N45,2.4874687,60.0
M1_session_22__set_6_coilTap.h5,imagery,P60,2.5029886,60.4
M1_session_22__set_6_coilTap.h5,imagery,N100,3.0298588,115.8
M1_session_22__set_6_coilTap.h5,imagery,P180,2.7199323,219.6
M1_session_22__set_6_coilTap.h5,post,P30,0.0,20.0
M1_session_22__set_6_coilTap.h5,post,N45,0.0,35.0
M1_session_22__set_6_coilTap.h5,post,P60,0.0,50.0
M1_session_22__set_6_coilTap.h5,post,N100,0.0,80.0
M1_session_22__set_6_coilTap.h5,post,P180,0.0,150.0
M1_session_23__set_1_coilqppa.h5,pre,P30,2.4234903,29.8
M1_session_23__set_1_coilqppa.h5,pre,N45,2.409973,60.0
M1_session_23__set_1_coilqppa.h5,pre,P60,3.0255668,69.6
M1_session_23__set_1_coilqppa.h5,pre,N100,2.6088052,125.4
M1_session_23__set_1_coilqppa.h5,pre,P180,2.0199637,163.4
M1_session_23__set_1_coilqppa.h5,imagery,P30,1.9102111,32.6
M1_session_23__set_1_coilqppa.h5,imagery,N45,1.8236085,35.0
M1_session_23__set_1_coilqppa.h5,imagery,P60,2.207102,67.4
M1_session_23__set_1_coilqppa.h5,imagery,N100,2.8774214,139.2
M1_session_23__set_1_coilqppa.h5,imagery,P180,2.6686966,150.0
M1_session_23__set_1_coilqppa.h5,post,P30,0.0,20.0
M1_session_23__set_1_coilqppa.h5,post,N45,0.0,35.0
M1_session_23__set_1_coilqppa.h5,post,P60,0.0,50.0
M1_session_23__set_1_coilqppa.h5,post,N100,0.0,80.0
M1_session_23__set_1_coilqppa.h5,post,P180,0.0,150.0
M1_session_23__set_2_coilTpa.h5,pre,P30,1.7599277,22.4
M1_session_23__set_2_coilTpa.h5,pre,N45,1.4104636,43.2
M1_session_23__set_2_coilTpa.h5,pre,P60,1.9449612,75.0
M1_session_23__set_2_coilTpa.h5,pre,N100,3.1099546,131.4
M1_session_23__set_2_coilTpa.h5,pre,P180,3.4569228,169.4
M1_session_23__set_2_coilTpa.h5,imagery,P30,2.3520062,31.4
M1_session_23__set_2_coilTpa.h5,imagery,N45,2.1326652,40.4
M1_session_23__set_2_coilTpa.h5,imagery,P60,2.0721092,71.4
M1_session_23__set_2_coilTpa.h5,imagery,N100,4.989185,111.8
M1_session_23__set_2_coilTpa.h5,imagery,P180,3.7924254,205.6
M1_session_23__set_2_coilTpa.h5,post,P30,0.0,20.0
M1_session_23__set_2_coilTpa.h5,post,N45,0.0,35.0
M1_session_23__set_2_coilTpa.h5,post,P60,0.0,50.0
M1_session_23__set_2_coilTpa.h5,post,N100,0.0,80.0
M1_session_23__set_2_coilTpa.h5,post,P180,0.0,150.0
M1_session_23__set_3_coilTap.h5,pre,P30,2.8571115,31.8
M1_session_23__set_3_coilTap.h5,pre,N45,2.432659,35.0
M1_session_23__set_3_coilTap.h5,pre,P60,1.9536244,80.0
M1_session_23__set_3_coilTap.h5,pre,N100,2.7504764,107.4
M1_session_23__set_3_coilTap.h5,pre,P180,3.6558976,150.4
M1_session_23__set_3_coilTap.h5,imagery,P30,2.0592098,31.2
M1_session_23__set_3_coilTap.h5,imagery,N45,2.0828543,60.0
M1_session_23__set_3_coilTap.h5,imagery,P60,2.2400193,74.2
M1_session_23__set_3_coilTap.h5,imagery,N100,2.5689833,115.6
M1_session_23__set_3_coilTap.h5,imagery,P180,2.6801994,229.2
M1_session_23__set_3_coilTap.h5,post,P30,0.0,20.0
M1_session_23__set_3_coilTap.h5,post,N45,0.0,35.0
M1_session_23__set_3_coilTap.h5,post,P60,0.0,50.0
M1_session_23__set_3_coilTap.h5,post,N100,0.0,80.0
M1_session_23__set_3_coilTap.h5,post,P180,0.0,150.0
M1_session_24__set_1_coilqppa.h5,pre,P30,2.2665877,40.0
M1_session_24__set_1_coilqppa.h5,pre,N45,2.3468199,41.6
M1_session_24__set_1_coilqppa.h5,pre,P60,2.9398403,78.2
M1_session_24__set_1_coilqppa.h5,pre,N100,2.85783,118.0
M1_session_24__set_1_coilqppa.h5,pre,P180,3.0548737,179.2
M1_session_24__set_1_coilqppa.h5,imagery,P30,3.1693048,40.0
M1_session_24__set_1_coilqppa.h5,imagery,N45,3.2069566,40.8
M1_session_24__set_1_coilqppa.h5,imagery,P60,2.7195575,80.0
M1_session_24__set_1_coilqppa.h5,imagery,N100,4.4507422,140.0
M1_session_24__set_1_coilqppa.h5,imagery,P180,4.5339594,206.8
M1_session_24__set_1_coilqppa.h5,post,P30,0.0,20.0
M1_session_24__set_1_coilqppa.h5,post,N45,0.0,35.0
M1_session_24__set_1_coilqppa.h5,post,P60,0.0,50.0
M1_session_24__set_1_coilqppa.h5,post,N100,0.0,80.0
M1_session_24__set_1_coilqppa.h5,post,P180,0.0,150.0
M1_session_24__set_2_coilTpa.h5,pre,P30,3.3492928,36.8
M1_session_24__set_2_coilTpa.h5,pre,N45,3.3492928,36.8
M1_session_24__set_2_coilTpa.h5,pre,P60,3.321894,80.0
M1_session_24__set_2_coilTpa.h5,pre,N100,3.79671,88.6
M1_session_24__set_2_coilTpa.h5,pre,P180,4.9985075,173.4
M1_session_24__set_2_coilTpa.h5,imagery,P30,3.525271,35.4
M1_session_24__set_2_coilTpa.h5,imagery,N45,3.525271,35.4
M1_session_24__set_2_coilTpa.h5,imagery,P60,2.389209,74.8
M1_session_24__set_2_coilTpa.h5,imagery,N100,3.5158012,121.2
M1_session_24__set_2_coilTpa.h5,imagery,P180,3.844649,174.0
M1_session_24__set_2_coilTpa.h5,post,P30,0.0,20.0
M1_session_24__set_2_coilTpa.h5,post,N45,0.0,35.0
M1_session_24__set_2_coilTpa.h5,post,P60,0.0,50.0
M1_session_24__set_2_coilTpa.h5,post,N100,0.0,80.0
M1_session_24__set_2_coilTpa.h5,post,P180,0.0,150.0
M1_session_24__set_5_coilTap.h5,pre,P30,3.2145045,21.2
M1_session_24__set_5_coilTap.h5,pre,N45,1.9974065,50.6
M1_session_24__set_5_coilTap.h5,pre,P60,3.2603586,80.0
M1_session_24__set_5_coilTap.h5,pre,N100,4.196754,102.2
M1_session_24__set_5_coilTap.h5,pre,P180,3.4944682,227.0
M1_session_24__set_5_coilTap.h5,imagery,P30,2.6754975,20.0
M1_session_24__set_5_coilTap.h5,imagery,N45,1.8227388,35.0
M1_session_24__set_5_coilTap.h5,imagery,P60,2.5032303,80.0
M1_session_24__set_5_coilTap.h5,imagery,N100,3.4964173,101.2
M1_session_24__set_5_coilTap.h5,imagery,P180,3.172068,187.8
M1_session_24__set_5_coilTap.h5,post,P30,0.0,20.0
M1_session_24__set_5_coilTap.h5,post,N45,0.0,35.0
M1_session_24__set_5_coilTap.h5,post,P60,0.0,50.0
M1_session_24__set_5_coilTap.h5,post,N100,0.0,80.0
M1_session_24__set_5_coilTap.h5,post,P180,0.0,150.0
M1_session_25__set_1_coilqppa.h5,pre,P30,5.68099,22.0
M1_session_25__set_1_coilqppa.h5,pre,N45,3.264994,35.0
M1_session_25__set_1_coilqppa.h5,pre,P60,2.9467068,75.4
M1_session_25__set_1_coilqppa.h5,pre,N100,4.8035054,105.4
M1_session_25__set_1_coilqppa.h5,pre,P180,5.079347,201.2
M1_session_25__set_1_coilqppa.h5,imagery,P30,4.470905,40.0
M1_session_25__set_1_coilqppa.h5,imagery,N45,4.9751663,47.6
M1_session_25__set_1_coilqppa.h5,imagery,P60,4.6684337,50.0
M1_session_25__set_1_coilqppa.h5,imagery,N100,4.506546,137.4
M1_session_25__set_1_coilqppa.h5,imagery,P180,7.83864,200.4
M1_session_25__set_1_coilqppa.h5,post,P30,0.0,20.0
M1_session_25__set_1_coilqppa.h5,post,N45,0.0,35.0
M1_session_25__set_1_coilqppa.h5,post,P60,0.0,50.0
M1_session_25__set_1_coilqppa.h5,post,N100,0.0,80.0
M1_session_25__set_1_coilqppa.h5,post,P180,0.0,150.0
M1_session_25__set_2_coilqppa.h5,pre,P30,4.028729,20.0
M1_session_25__set_2_coilqppa.h5,pre,N45,3.9586852,39.8
M1_session_25__set_2_coilqppa.h5,pre,P60,3.9530356,80.0
M1_session_25__set_2_coilqppa.h5,pre,N100,6.784442,107.8
M1_session_25__set_2_coilqppa.h5,pre,P180,6.3604445,200.6
M1_session_25__set_2_coilqppa.h5,imagery,P30,5.140856,23.8
M1_session_25__set_2_coilqppa.h5,imagery,N45,4.779728,35.0
M1_session_25__set_2_coilqppa.h5,imagery,P60,3.4674962,50.0
M1_session_25__set_2_coilqppa.h5,imagery,N100,6.488969,112.0
M1_session_25__set_2_coilqppa.h5,imagery,P180,5.5044813,227.6
M1_session_25__set_2_coilqppa.h5,post,P30,0.0,20.0
M1_session_25__set_2_coilqppa.h5,post,N45,0.0,35.0
M1_session_25__set_2_coilqppa.h5,post,P60,0.0,50.0
M1_session_25__set_2_coilqppa.h5,post,N100,0.0,80.0
M1_session_25__set_2_coilqppa.h5,post,P180,0.0,150.0
M1_session_25__set_2_coilTpa.h5,pre,P30,4.023896,24.2
M1_session_25__set_2_coilTpa.h5,pre,N45,3.6625867,39.6
M1_session_25__set_2_coilTpa.h5,pre,P60,3.876138,80.0
M1_session_25__set_2_coilTpa.h5,pre,N100,7.041975,107.0
M1_session_25__set_2_coilTpa.h5,pre,P180,6.434785,200.8
M1_session_25__set_2_coilTpa.h5,imagery,P30,5.3537574,24.2
M1_session_25__set_2_coilTpa.h5,imagery,N45,5.2184906,35.0
M1_session_25__set_2_coilTpa.h5,imagery,P60,3.3998952,50.0
M1_session_25__set_2_coilTpa.h5,imagery,N100,6.5819135,112.2
M1_session_25__set_2_coilTpa.h5,imagery,P180,5.188856,228.2
M1_session_25__set_2_coilTpa.h5,post,P30,0.0,20.0
M1_session_25__set_2_coilTpa.h5,post,N45,0.0,35.0
M1_session_25__set_2_coilTpa.h5,post,P60,0.0,50.0
M1_session_25__set_2_coilTpa.h5,post,N100,0.0,80.0
M1_session_25__set_2_coilTpa.h5,post,P180,0.0,150.0
M1_session_25__set_3_coilTap.h5,pre,P30,4.420954,21.6
M1_session_25__set_3_coilTap.h5,pre,N45,3.7906067,35.0
M1_session_25__set_3_coilTap.h5,pre,P60,2.567076,73.2
M1_session_25__set_3_coilTap.h5,pre,N100,5.516377,123.2
M1_session_25__set_3_coilTap.h5,pre,P180,3.8865004,223.4
M1_session_25__set_3_coilTap.h5,imagery,P30,5.1190066,20.2
M1_session_25__set_3_coilTap.h5,imagery,N45,4.234673,35.0
M1_session_25__set_3_coilTap.h5,imagery,P60,4.8674273,69.0
M1_session_25__set_3_coilTap.h5,imagery,N100,6.4666543,111.8
M1_session_25__set_3_coilTap.h5,imagery,P180,4.16452,223.0
M1_session_25__set_3_coilTap.h5,post,P30,0.0,20.0
M1_session_25__set_3_coilTap.h5,post,N45,0.0,35.0
M1_session_25__set_3_coilTap.h5,post,P60,0.0,50.0
M1_session_25__set_3_coilTap.h5,post,N100,0.0,80.0
M1_session_25__set_3_coilTap.h5,post,P180,0.0,150.0
M1_session_25__set_8_coilTpa.h5,pre,P30,4.502419,33.6
M1_session_25__set_8_coilTpa.h5,pre,N45,4.462268,35.6
M1_session_25__set_8_coilTpa.h5,pre,P60,4.6428323,73.4
M1_session_25__set_8_coilTpa.h5,pre,N100,5.9698687,137.0
M1_session_25__set_8_coilTpa.h5,pre,P180,6.5347824,223.2
M1_session_25__set_8_coilTpa.h5,imagery,P30,5.9745507,39.2
M1_session_25__set_8_coilTpa.h5,imagery,N45,5.9745507,39.2
M1_session_25__set_8_coilTpa.h5,imagery,P60,5.723697,52.4
M1_session_25__set_8_coilTpa.h5,imagery,N100,4.6279097,96.4
M1_session_25__set_8_coilTpa.h5,imagery,P180,6.591898,150.0
M1_session_25__set_8_coilTpa.h5,post,P30,0.0,20.0
M1_session_25__set_8_coilTpa.h5,post,N45,0.0,35.0
M1_session_25__set_8_coilTpa.h5,post,P60,0.0,50.0
M1_session_25__set_8_coilTpa.h5,post,N100,0.0,80.0
M1_session_25__set_8_coilTpa.h5,post,P180,0.0,150.0
M1_session_25__set_9_coilTap.h5,pre,P30,2.702842,20.0
M1_session_25__set_9_coilTap.h5,pre,N45,2.7985728,50.8
M1_session_25__set_9_coilTap.h5,pre,P60,2.7985728,50.8
M1_session_25__set_9_coilTap.h5,pre,N100,3.364889,140.0
M1_session_25__set_9_coilTap.h5,pre,P180,4.731996,211.4
M1_session_25__set_9_coilTap.h5,imagery,P30,4.783761,38.6
M1_session_25__set_9_coilTap.h5,imagery,N45,4.783761,38.6
M1_session_25__set_9_coilTap.h5,imagery,P60,4.6141267,70.2
M1_session_25__set_9_coilTap.h5,imagery,N100,5.1700993,125.4
M1_session_25__set_9_coilTap.h5,imagery,P180,6.35732,203.0
M1_session_25__set_9_coilTap.h5,post,P30,0.0,20.0
M1_session_25__set_9_coilTap.h5,post,N45,0.0,35.0
M1_session_25__set_9_coilTap.h5,post,P60,0.0,50.0
M1_session_25__set_9_coilTap.h5,post,N100,0.0,80.0
M1_session_25__set_9_coilTap.h5,post,P180,0.0,150.0
M1_session_26__set_1_coilqppa.h5,pre,P30,2.3269653,35.2
M1_session_26__set_1_coilqppa.h5,pre,N45,2.3269653,35.2
M1_session_26__set_1_coilqppa.h5,pre,P60,2.1636102,59.4
M1_session_26__set_1_coilqppa.h5,pre,N100,2.272701,131.4
M1_session_26__set_1_coilqppa.h5,pre,P180,2.3342874,207.0
M1_session_26__set_1_coilqppa.h5,imagery,P30,1.6653616,37.2
M1_session_26__set_1_coilqppa.h5,imagery,N45,1.9440122,58.4
M1_session_26__set_1_coilqppa.h5,imagery,P60,1.9440122,58.4
M1_session_26__set_1_coilqppa.h5,imagery,N100,2.4564836,129.0
M1_session_26__set_1_coilqppa.h5,imagery,P180,3.202202,222.0
M1_session_26__set_1_coilqppa.h5,post,P30,0.0,20.0
M1_session_26__set_1_coilqppa.h5,post,N45,0.0,35.0
M1_session_26__set_1_coilqppa.h5,post,P60,0.0,50.0
M1_session_26__set_1_coilqppa.h5,post,N100,0.0,80.0
M1_session_26__set_1_coilqppa.h5,post,P180,0.0,150.0
M1_session_26__set_2_coilTpa.h5,pre,P30,1.700488,40.0
M1_session_26__set_2_coilTpa.h5,pre,N45,2.0844297,44.4
M1_session_26__set_2_coilTpa.h5,pre,P60,1.8610772,70.8
M1_session_26__set_2_coilTpa.h5,pre,N100,2.4293237,140.0
M1_session_26__set_2_coilTpa.h5,pre,P180,3.0149925,182.4
M1_session_26__set_2_coilTpa.h5,imagery,P30,1.519325,40.0
M1_session_26__set_2_coilTpa.h5,imagery,N45,1.9137254,59.4
M1_session_26__set_2_coilTpa.h5,imagery,P60,2.0965643,70.0
M1_session_26__set_2_coilTpa.h5,imagery,N100,2.5419014,139.0
M1_session_26__set_2_coilTpa.h5,imagery,P180,3.5877237,182.4
M1_session_26__set_2_coilTpa.h5,post,P30,0.0,20.0
M1_session_26__set_2_coilTpa.h5,post,N45,0.0,35.0
M1_session_26__set_2_coilTpa.h5,post,P60,0.0,50.0
M1_session_26__set_2_coilTpa.h5,post,N100,0.0,80.0
M1_session_26__set_2_coilTpa.h5,post,P180,0.0,150.0
M1_session_26__set_3_coilTap.h5,pre,P30,1.8642256,33.8
M1_session_26__set_3_coilTap.h5,pre,N45,1.8085866,35.2
M1_session_26__set_3_coilTap.h5,pre,P60,1.6209223,55.6
M1_session_26__set_3_coilTap.h5,pre,N100,1.9858209,100.2
M1_session_26__set_3_coilTap.h5,pre,P180,2.0396397,169.8
M1_session_26__set_3_coilTap.h5,imagery,P30,1.6145947,36.8
M1_session_26__set_3_coilTap.h5,imagery,N45,1.9571131,54.4
M1_session_26__set_3_coilTap.h5,imagery,P60,2.0230122,80.0
M1_session_26__set_3_coilTap.h5,imagery,N100,2.5502903,138.8
M1_session_26__set_3_coilTap.h5,imagery,P180,2.7680614,161.2
M1_session_26__set_3_coilTap.h5,post,P30,0.0,20.0
M1_session_26__set_3_coilTap.h5,post,N45,0.0,35.0
M1_session_26__set_3_coilTap.h5,post,P60,0.0,50.0
M1_session_26__set_3_coilTap.h5,post,N100,0.0,80.0
M1_session_26__set_3_coilTap.h5,post,P180,0.0,150.0
M1_session_26__set_7_coilTpa.h5,pre,P30,1.666181,29.0
M1_session_26__set_7_coilTpa.h5,pre,N45,2.3582885,52.8
M1_session_26__set_7_coilTpa.h5,pre,P60,2.8710334,80.0
M1_session_26__set_7_coilTpa.h5,pre,N100,2.9803088,100.4
M1_session_26__set_7_coilTpa.h5,pre,P180,2.5422482,169.2
M1_session_26__set_7_coilTpa.h5,imagery,P30,1.9754208,29.2
M1_session_26__set_7_coilTpa.h5,imagery,N45,3.4434912,56.4
M1_session_26__set_7_coilTpa.h5,imagery,P60,3.4860492,77.6
M1_session_26__set_7_coilTpa.h5,imagery,N100,3.7383091,101.6
M1_session_26__set_7_coilTpa.h5,imagery,P180,2.3988373,165.8
M1_session_26__set_7_coilTpa.h5,post,P30,0.0,20.0
M1_session_26__set_7_coilTpa.h5,post,N45,0.0,35.0
M1_session_26__set_7_coilTpa.h5,post,P60,0.0,50.0
M1_session_26__set_7_coilTpa.h5,post,N100,0.0,80.0
M1_session_26__set_7_coilTpa.h5,post,P180,0.0,150.0
M1_session_26__set_8_coilqppa.h5,pre,P30,1.479926,40.0
M1_session_26__set_8_coilqppa.h5,pre,N45,3.0025299,50.0
M1_session_26__set_8_coilqppa.h5,pre,P60,3.0025299,50.0
M1_session_26__set_8_coilqppa.h5,pre,N100,2.8947208,115.2
M1_session_26__set_8_coilqppa.h5,pre,P180,4.746386,200.0
M1_session_26__set_8_coilqppa.h5,imagery,P30,1.9928708,29.2
M1_session_26__set_8_coilqppa.h5,imagery,N45,4.6793113,51.6
M1_session_26__set_8_coilqppa.h5,imagery,P60,4.6793113,51.6
M1_session_26__set_8_coilqppa.h5,imagery,N100,2.5986233,139.6
M1_session_26__set_8_coilqppa.h5,imagery,P180,3.2798822,190.2
M1_session_26__set_8_coilqppa.h5,post,P30,0.0,20.0
M1_session_26__set_8_coilqppa.h5,post,N45,0.0,35.0
M1_session_26__set_8_coilqppa.h5,post,P60,0.0,50.0
M1_session_26__set_8_coilqppa.h5,post,N100,0.0,80.0
M1_session_26__set_8_coilqppa.h5,post,P180,0.0,150.0
M1_session_26__set_9_coilTap.h5,pre,P30,1.8544333,40.0
M1_session_26__set_9_coilTap.h5,pre,N45,2.4452481,56.6
M1_session_26__set_9_coilTap.h5,pre,P60,2.4452481,56.6
M1_session_26__set_9_coilTap.h5,pre,N100,2.0080445,140.0
M1_session_26__set_9_coilTap.h5,pre,P180,4.084554,223.2
M1_session_26__set_9_coilTap.h5,imagery,P30,2.110235,34.8
M1_session_26__set_9_coilTap.h5,imagery,N45,3.513315,57.8
M1_session_26__set_9_coilTap.h5,imagery,P60,3.513315,57.8
M1_session_26__set_9_coilTap.h5,imagery,N100,2.36233,80.0
M1_session_26__set_9_coilTap.h5,imagery,P180,3.7630105,222.4
M1_session_26__set_9_coilTap.h5,post,P30,0.0,20.0
M1_session_26__set_9_coilTap.h5,post,N45,0.0,35.0
M1_session_26__set_9_coilTap.h5,post,P60,0.0,50.0
M1_session_26__set_9_coilTap.h5,post,N100,0.0,80.0
M1_session_26__set_9_coilTap.h5,post,P180,0.0,150.0
M1_session_27__set_1_coilqppa.h5,pre,P30,2.0033643,30.0
M1_session_27__set_1_coilqppa.h5,pre,N45,2.7009597,48.4
M1_session_27__set_1_coilqppa.h5,pre,P60,2.6500869,50.2
M1_session_27__set_1_coilqppa.h5,pre,N100,4.031721,99.6
M1_session_27__set_1_coilqppa.h5,pre,P180,2.1601784,228.4
M1_session_27__set_1_coilqppa.h5,imagery,P30,2.7966661,37.2
M1_session_27__set_1_coilqppa.h5,imagery,N45,2.8158536,50.4
M1_session_27__set_1_coilqppa.h5,imagery,P60,3.0160131,63.2
M1_session_27__set_1_coilqppa.h5,imagery,N100,4.0199056,93.4
M1_session_27__set_1_coilqppa.h5,imagery,P180,2.5109892,163.6
M1_session_27__set_1_coilqppa.h5,post,P30,0.0,20.0
M1_session_27__set_1_coilqppa.h5,post,N45,0.0,35.0
M1_session_27__set_1_coilqppa.h5,post,P60,0.0,50.0
M1_session_27__set_1_coilqppa.h5,post,N100,0.0,80.0
M1_session_27__set_1_coilqppa.h5,post,P180,0.0,150.0
M1_session_27__set_3_coilTap.h5,pre,P30,3.6442754,28.0
M1_session_27__set_3_coilTap.h5,pre,N45,3.5567195,54.8
M1_session_27__set_3_coilTap.h5,pre,P60,3.5567195,54.8
M1_session_27__set_3_coilTap.h5,pre,N100,3.7063575,86.6
M1_session_27__set_3_coilTap.h5,pre,P180,4.3607283,159.8
M1_session_27__set_3_coilTap.h5,imagery,P30,3.5521011,40.0
M1_session_27__set_3_coilTap.h5,imagery,N45,4.0382066,43.2
M1_session_27__set_3_coilTap.h5,imagery,P60,3.6508083,51.2
M1_session_27__set_3_coilTap.h5,imagery,N100,4.265387,113.8
M1_session_27__set_3_coilTap.h5,imagery,P180,3.0893192,172.0
M1_session_27__set_3_coilTap.h5,post,P30,0.0,20.0
M1_session_27__set_3_coilTap.h5,post,N45,0.0,35.0
M1_session_27__set_3_coilTap.h5,post,P60,0.0,50.0
M1_session_27__set_3_coilTap.h5,post,N100,0.0,80.0
M1_session_27__set_3_coilTap.h5,post,P180,0.0,150.0
M1_session_27__set_7_coilTpa.h5,pre,P30,2.3418143,36.6
M1_session_27__set_7_coilTpa.h5,pre,N45,2.8490417,51.6
M1_session_27__set_7_coilTpa.h5,pre,P60,2.8490417,51.6
M1_session_27__set_7_coilTpa.h5,pre,N100,2.8407533,119.2
M1_session_27__set_7_coilTpa.h5,pre,P180,2.350775,206.8
M1_session_27__set_7_coilTpa.h5,imagery,P30,2.6809578,26.0
M1_session_27__set_7_coilTpa.h5,imagery,N45,2.8746724,54.4
M1_session_27__set_7_coilTpa.h5,imagery,P60,3.0049908,66.2
M1_session_27__set_7_coilTpa.h5,imagery,N100,4.0695124,118.4
M1_session_27__set_7_coilTpa.h5,imagery,P180,3.0285094,165.8
M1_session_27__set_7_coilTpa.h5,post,P30,0.0,20.0
M1_session_27__set_7_coilTpa.h5,post,N45,0.0,35.0
M1_session_27__set_7_coilTpa.h5,post,P60,0.0,50.0
M1_session_27__set_7_coilTpa.h5,post,N100,0.0,80.0
M1_session_27__set_7_coilTpa.h5,post,P180,0.0,150.0
M1_session_27__set_8_coilTap.h5,pre,P30,2.6230361,40.0
M1_session_27__set_8_coilTap.h5,pre,N45,3.4284263,43.8
M1_session_27__set_8_coilTap.h5,pre,P60,3.2313766,80.0
M1_session_27__set_8_coilTap.h5,pre,N100,3.398693,82.6
M1_session_27__set_8_coilTap.h5,pre,P180,3.2805457,210.0
M1_session_27__set_8_coilTap.h5,imagery,P30,2.2566576,40.0
M1_session_27__set_8_coilTap.h5,imagery,N45,2.790736,52.4
M1_session_27__set_8_coilTap.h5,imagery,P60,3.211937,79.8
M1_session_27__set_8_coilTap.h5,imagery,N100,3.522147,101.0
M1_session_27__set_8_coilTap.h5,imagery,P180,3.1689875,165.0
M1_session_27__set_8_coilTap.h5,post,P30,0.0,20.0
M1_session_27__set_8_coilTap.h5,post,N45,0.0,35.0
M1_session_27__set_8_coilTap.h5,post,P60,0.0,50.0
M1_session_27__set_8_coilTap.h5,post,N100,0.0,80.0
M1_session_27__set_8_coilTap.h5,post,P180,0.0,150.0
M1_session_27__set_9_coilqppa.h5,pre,P30,3.138465,20.0
M1_session_27__set_9_coilqppa.h5,pre,N45,3.255944,43.4
M1_session_27__set_9_coilqppa.h5,pre,P60,2.220221,80.0
M1_session_27__set_9_coilqppa.h5,pre,N100,3.3860102,117.0
M1_session_27__set_9_coilqppa.h5,pre,P180,2.948483,194.6
M1_session_27__set_9_coilqppa.h5,imagery,P30,3.7340534,40.0
M1_session_27__set_9_coilqppa.h5,imagery,N45,3.8988335,42.4
M1_session_27__set_9_coilqppa.h5,imagery,P60,3.015387,75.6
M1_session_27__set_9_coilqppa.h5,imagery,N100,3.1699202,140.0
M1_session_27__set_9_coilqppa.h5,imagery,P180,3.7008033,191.6
M1_session_27__set_9_coilqppa.h5,post,P30,0.0,20.0
M1_session_27__set_9_coilqppa.h5,post,N45,0.0,35.0
M1_session_27__set_9_coilqppa.h5,post,P60,0.0,50.0
M1_session_27__set_9_coilqppa.h5,post,N100,0.0,80.0
M1_session_27__set_9_coilqppa.h5,post,P180,0.0,150.0
SMA_session_20__set_10_coil90deg.h5,pre,P30,3.3318882,22.6
SMA_session_20__set_10_coil90deg.h5,pre,N45,2.6119711,35.0
SMA_session_20__set_10_coil90deg.h5,pre,P60,2.7640967,80.0
SMA_session_20__set_10_coil90deg.h5,pre,N100,5.1114025,120.8
SMA_session_20__set_10_coil90deg.h5,pre,P180,3.287378,150.0
SMA_session_20__set_10_coil90deg.h5,imagery,P30,4.0315037,24.0
SMA_session_20__set_10_coil90deg.h5,imagery,N45,3.877808,40.6
SMA_session_20__set_10_coil90deg.h5,imagery,P60,3.4930694,68.8
SMA_session_20__set_10_coil90deg.h5,imagery,N100,4.9933305,119.6
SMA_session_20__set_10_coil90deg.h5,imagery,P180,3.4807675,220.4
SMA_session_20__set_10_coil90deg.h5,post,P30,0.0,20.0
SMA_session_20__set_10_coil90deg.h5,post,N45,0.0,35.0
SMA_session_20__set_10_coil90deg.h5,post,P60,0.0,50.0
SMA_session_20__set_10_coil90deg.h5,post,N100,0.0,80.0
SMA_session_20__set_10_coil90deg.h5,post,P180,0.0,150.0
SMA_session_20__set_4_coil0deg.h5,pre,P30,3.0118532,38.4
SMA_session_20__set_4_coil0deg.h5,pre,N45,3.1020129,49.2
SMA_session_20__set_4_coil0deg.h5,pre,P60,3.0505407,50.0
SMA_session_20__set_4_coil0deg.h5,pre,N100,3.3715286,107.6
SMA_session_20__set_4_coil0deg.h5,pre,P180,4.3672504,175.8
SMA_session_20__set_4_coil0deg.h5,imagery,P30,4.184077,40.0
SMA_session_20__set_4_coil0deg.h5,imagery,N45,5.1119065,49.8
SMA_session_20__set_4_coil0deg.h5,imagery,P60,5.0850534,50.0
SMA_session_20__set_4_coil0deg.h5,imagery,N100,3.5689573,123.4
SMA_session_20__set_4_coil0deg.h5,imagery,P180,4.48255,157.6
SMA_session_20__set_4_coil0deg.h5,post,P30,0.0,20.0
SMA_session_20__set_4_coil0deg.h5,post,N45,0.0,35.0
SMA_session_20__set_4_coil0deg.h5,post,P60,0.0,50.0
SMA_session_20__set_4_coil0deg.h5,post,N100,0.0,80.0
SMA_session_20__set_4_coil0deg.h5,post,P180,0.0,150.0
SMA_session_21__set_2_coil0deg.h5,pre,P30,3.188343,32.8
SMA_session_21__set_2_coil0deg.h5,pre,N45,3.1344585,35.6
SMA_session_21__set_2_coil0deg.h5,pre,P60,2.9658642,54.0
SMA_session_21__set_2_coil0deg.h5,pre,N100,3.7851443,113.8
SMA_session_21__set_2_coil0deg.h5,pre,P180,3.921573,196.0
SMA_session_21__set_2_coil0deg.h5,imagery,P30,2.3655493,38.0
SMA_session_21__set_2_coil0deg.h5,imagery,N45,2.3655493,38.0
SMA_session_21__set_2_coil0deg.h5,imagery,P60,2.3839264,70.4
SMA_session_21__set_2_coil0deg.h5,imagery,N100,3.2694902,134.4
SMA_session_21__set_2_coil0deg.h5,imagery,P180,3.1130252,162.4
SMA_session_21__set_2_coil0deg.h5,post,P30,0.0,20.0
SMA_session_21__set_2_coil0deg.h5,post,N45,0.0,35.0
SMA_session_21__set_2_coil0deg.h5,post,P60,0.0,50.0
SMA_session_21__set_2_coil0deg.h5,post,N100,0.0,80.0
SMA_session_21__set_2_coil0deg.h5,post,P180,0.0,150.0
SMA_session_21__set_5_coil90deg.h5,pre,P30,2.2356174,25.2
SMA_session_21__set_5_coil90deg.h5,pre,N45,2.3973792,60.0
SMA_session_21__set_5_coil90deg.h5,pre,P60,2.4818625,63.0
SMA_session_21__set_5_coil90deg.h5,pre,N100,2.6193528,113.4
SMA_session_21__set_5_coil90deg.h5,pre,P180,3.2413738,163.6
SMA_session_21__set_5_coil90deg.h5,imagery,P30,2.7428045,36.8
SMA_session_21__set_5_coil90deg.h5,imagery,N45,3.2130747,57.6
SMA_session_21__set_5_coil90deg.h5,imagery,P60,3.2130747,57.6
SMA_session_21__set_5_coil90deg.h5,imagery,N100,3.1461625,92.4
SMA_session_21__set_5_coil90deg.h5,imagery,P180,3.0473418,230.0
SMA_session_21__set_5_coil90deg.h5,post,P30,0.0,20.0
SMA_session_21__set_5_coil90deg.h5,post,N45,0.0,35.0
SMA_session_21__set_5_coil90deg.h5,post,P60,0.0,50.0
SMA_session_21__set_5_coil90deg.h5,post,N100,0.0,80.0
SMA_session_21__set_5_coil90deg.h5,post,P180,0.0,150.0
SMA_session_22__set_3_coil90deg.h5,pre,P30,2.4330807,20.0
SMA_session_22__set_3_coil90deg.h5,pre,N45,2.399098,47.8
SMA_session_22__set_3_coil90deg.h5,pre,P60,2.3798575,66.0
SMA_session_22__set_3_coil90deg.h5,pre,N100,3.3161654,118.0
SMA_session_22__set_3_coil90deg.h5,pre,P180,3.406886,187.6
SMA_session_22__set_3_coil90deg.h5,imagery,P30,2.6708214,20.4
SMA_session_22__set_3_coil90deg.h5,imagery,N45,3.421578,60.0
SMA_session_22__set_3_coil90deg.h5,imagery,P60,3.8003242,62.2
SMA_session_22__set_3_coil90deg.h5,imagery,N100,2.910254,103.2
SMA_session_22__set_3_coil90deg.h5,imagery,P180,3.5380855,185.2
SMA_session_22__set_3_coil90deg.h5,post,P30,0.0,20.0
SMA_session_22__set_3_coil90deg.h5,post,N45,0.0,35.0
SMA_session_22__set_3_coil90deg.h5,post,P60,0.0,50.0
SMA_session_22__set_3_coil90deg.h5,post,N100,0.0,80.0
SMA_session_22__set_3_coil90deg.h5,post,P180,0.0,150.0
SMA_session_22__set_4_coil0deg.h5,pre,P30,3.9163516,37.0
SMA_session_22__set_4_coil0deg.h5,pre,N45,3.9163516,37.0
SMA_session_22__set_4_coil0deg.h5,pre,P60,3.8972702,50.0
SMA_session_22__set_4_coil0deg.h5,pre,N100,3.8783646,133.2
SMA_session_22__set_4_coil0deg.h5,pre,P180,3.3073916,219.6
SMA_session_22__set_4_coil0deg.h5,imagery,P30,1.9721726,33.4
SMA_session_22__set_4_coil0deg.h5,imagery,N45,1.9265761,60.0
SMA_session_22__set_4_coil0deg.h5,imagery,P60,2.04933,78.8
SMA_session_22__set_4_coil0deg.h5,imagery,N100,2.7867806,140.0
SMA_session_22__set_4_coil0deg.h5,imagery,P180,3.0772843,150.4
SMA_session_22__set_4_coil0deg.h5,post,P30,0.0,20.0
SMA_session_22__set_4_coil0deg.h5,post,N45,0.0,35.0
SMA_session_22__set_4_coil0deg.h5,post,P60,0.0,50.0
SMA_session_22__set_4_coil0deg.h5,post,N100,0.0,80.0
SMA_session_22__set_4_coil0deg.h5,post,P180,0.0,150.0
SMA_session_23__set_4_coil90deg.h5,pre,P30,2.2464318,37.8
SMA_session_23__set_4_coil90deg.h5,pre,N45,2.2464318,37.8
SMA_session_23__set_4_coil90deg.h5,pre,P60,1.8571184,61.6
SMA_session_23__set_4_coil90deg.h5,pre,N100,2.7185507,137.8
SMA_session_23__set_4_coil90deg.h5,pre,P180,4.423233,218.4
SMA_session_23__set_4_coil90deg.h5,imagery,P30,2.1826186,26.8
SMA_session_23__set_4_coil90deg.h5,imagery,N45,2.7773628,51.4
SMA_session_23__set_4_coil90deg.h5,imagery,P60,3.0361168,74.2
SMA_session_23__set_4_coil90deg.h5,imagery,N100,2.744297,80.0
SMA_session_23__set_4_coil90deg.h5,imagery,P180,4.303154,230.0
SMA_session_23__set_4_coil90deg.h5,post,P30,0.0,20.0
SMA_session_23__set_4_coil90deg.h5,post,N45,0.0,35.0
SMA_session_23__set_4_coil90deg.h5,post,P60,0.0,50.0
SMA_session_23__set_4_coil90deg.h5,post,N100,0.0,80.0
SMA_session_23__set_4_coil90deg.h5,post,P180,0.0,150.0
SMA_session_23__set_5_coil0deg.h5,pre,P30,2.0583029,20.2
SMA_session_23__set_5_coil0deg.h5,pre,N45,2.0023298,43.6
SMA_session_23__set_5_coil0deg.h5,pre,P60,2.0809026,70.0
SMA_session_23__set_5_coil0deg.h5,pre,N100,2.1056585,140.0
SMA_session_23__set_5_coil0deg.h5,pre,P180,3.324684,217.2
SMA_session_23__set_5_coil0deg.h5,imagery,P30,1.7118584,24.2
SMA_session_23__set_5_coil0deg.h5,imagery,N45,1.9659581,52.8
SMA_session_23__set_5_coil0deg.h5,imagery,P60,1.9659581,52.8
SMA_session_23__set_5_coil0deg.h5,imagery,N100,2.758443,115.0
SMA_session_23__set_5_coil0deg.h5,imagery,P180,3.3780527,230.0
SMA_session_23__set_5_coil0deg.h5,post,P30,0.0,20.0
SMA_session_23__set_5_coil0deg.h5,post,N45,0.0,35.0
SMA_session_23__set_5_coil0deg.h5,post,P60,0.0,50.0
SMA_session_23__set_5_coil0deg.h5,post,N100,0.0,80.0
SMA_session_23__set_5_coil0deg.h5,post,P180,0.0,150.0
SMA_session_24__set_3_coil90deg.h5,pre,P30,2.4740531,28.6
SMA_session_24__set_3_coil90deg.h5,pre,N45,2.6454077,58.0
SMA_session_24__set_3_coil90deg.h5,pre,P60,2.6454077,58.0
SMA_session_24__set_3_coil90deg.h5,pre,N100,2.9969504,138.4
SMA_session_24__set_3_coil90deg.h5,pre,P180,4.4017606,216.6
SMA_session_24__set_3_coil90deg.h5,imagery,P30,2.8785617,40.0
SMA_session_24__set_3_coil90deg.h5,imagery,N45,3.258639,49.4
SMA_session_24__set_3_coil90deg.h5,imagery,P60,3.180438,50.0
SMA_session_24__set_3_coil90deg.h5,imagery,N100,4.313527,138.6
SMA_session_24__set_3_coil90deg.h5,imagery,P180,4.300698,199.6
SMA_session_24__set_3_coil90deg.h5,post,P30,0.0,20.0
SMA_session_24__set_3_coil90deg.h5,post,N45,0.0,35.0
SMA_session_24__set_3_coil90deg.h5,post,P60,0.0,50.0
SMA_session_24__set_3_coil90deg.h5,post,N100,0.0,80.0
SMA_session_24__set_3_coil90deg.h5,post,P180,0.0,150.0
SMA_session_24__set_4_coil0deg.h5,pre,P30,3.4965918,27.6
SMA_session_24__set_4_coil0deg.h5,pre,N45,3.803214,59.2
SMA_session_24__set_4_coil0deg.h5,pre,P60,3.9634964,61.8
SMA_session_24__set_4_coil0deg.h5,pre,N100,4.059346,115.8
SMA_session_24__set_4_coil0deg.h5,pre,P180,4.1885767,229.0
SMA_session_24__set_4_coil0deg.h5,imagery,P30,2.4538264,36.0
SMA_session_24__set_4_coil0deg.h5,imagery,N45,2.7479787,60.0
SMA_session_24__set_4_coil0deg.h5,imagery,P60,3.1914756,63.2
SMA_session_24__set_4_coil0deg.h5,imagery,N100,3.3655295,139.6
SMA_session_24__set_4_coil0deg.h5,imagery,P180,3.594407,162.6
SMA_session_24__set_4_coil0deg.h5,post,P30,0.0,20.0
SMA_session_24__set_4_coil0deg.h5,post,N45,0.0,35.0
SMA_session_24__set_4_coil0deg.h5,post,P60,0.0,50.0
SMA_session_24__set_4_coil0deg.h5,post,N100,0.0,80.0
SMA_session_24__set_4_coil0deg.h5,post,P180,0.0,150.0
SMA_session_25__set_4_coil90deg.h5,pre,P30,4.2104263,24.2
SMA_session_25__set_4_coil90deg.h5,pre,N45,3.94818,60.0
SMA_session_25__set_4_coil90deg.h5,pre,P60,4.316345,62.2
SMA_session_25__set_4_coil90deg.h5,pre,N100,4.397028,129.2
SMA_session_25__set_4_coil90deg.h5,pre,P180,5.66824,218.6
SMA_session_25__set_4_coil90deg.h5,imagery,P30,3.3428507,22.8
SMA_session_25__set_4_coil90deg.h5,imagery,N45,3.3739238,44.4
SMA_session_25__set_4_coil90deg.h5,imagery,P60,3.3574088,65.6
SMA_session_25__set_4_coil90deg.h5,imagery,N100,5.2080135,118.8
SMA_session_25__set_4_coil90deg.h5,imagery,P180,5.7850714,219.0
SMA_session_25__set_4_coil90deg.h5,post,P30,0.0,20.0
SMA_session_25__set_4_coil90deg.h5,post,N45,0.0,35.0
SMA_session_25__set_4_coil90deg.h5,post,P60,0.0,50.0
SMA_session_25__set_4_coil90deg.h5,post,N100,0.0,80.0
SMA_session_25__set_4_coil90deg.h5,post,P180,0.0,150.0
SMA_session_25__set_5_coil0deg.h5,pre,P30,4.5366874,31.6
SMA_session_25__set_5_coil0deg.h5,pre,N45,4.285488,35.2
SMA_session_25__set_5_coil0deg.h5,pre,P60,2.7031562,50.0
SMA_session_25__set_5_coil0deg.h5,pre,N100,5.813792,132.6
SMA_session_25__set_5_coil0deg.h5,pre,P180,6.0335655,230.0
SMA_session_25__set_5_coil0deg.h5,imagery,P30,5.072119,40.0
SMA_session_25__set_5_coil0deg.h5,imagery,N45,6.9303613,46.2
SMA_session_25__set_5_coil0deg.h5,imagery,P60,6.1700554,50.0
SMA_session_25__set_5_coil0deg.h5,imagery,N100,4.292992,129.0
SMA_session_25__set_5_coil0deg.h5,imagery,P180,4.8476744,197.6
SMA_session_25__set_5_coil0deg.h5,post,P30,0.0,20.0
SMA_session_25__set_5_coil0deg.h5,post,N45,0.0,35.0
SMA_session_25__set_5_coil0deg.h5,post,P60,0.0,50.0
SMA_session_25__set_5_coil0deg.h5,post,N100,0.0,80.0
SMA_session_25__set_5_coil0deg.h5,post,P180,0.0,150.0
SMA_session_26__set_4_coil90deg.h5,pre,P30,4.155208,35.0
SMA_session_26__set_4_coil90deg.h5,pre,N45,4.155208,35.0
SMA_session_26__set_4_coil90deg.h5,pre,P60,2.7167554,55.6
SMA_session_26__set_4_coil90deg.h5,pre,N100,3.922904,135.8
SMA_session_26__set_4_coil90deg.h5,pre,P180,3.7785816,183.6
SMA_session_26__set_4_coil90deg.h5,imagery,P30,3.329515,38.2
SMA_session_26__set_4_coil90deg.h5,imagery,N45,3.329515,38.2
SMA_session_26__set_4_coil90deg.h5,imagery,P60,2.6975503,50.8
SMA_session_26__set_4_coil90deg.h5,imagery,N100,3.0627053,96.0
SMA_session_26__set_4_coil90deg.h5,imagery,P180,3.1849346,219.8
SMA_session_26__set_4_coil90deg.h5,post,P30,0.0,20.0
SMA_session_26__set_4_coil90deg.h5,post,N45,0.0,35.0
SMA_session_26__set_4_coil90deg.h5,post,P60,0.0,50.0
SMA_session_26__set_4_coil90deg.h5,post,N100,0.0,80.0
SMA_session_26__set_4_coil90deg.h5,post,P180,0.0,150.0
SMA_session_26__set_5_coil0deg.h5,pre,P30,4.36457,29.2
SMA_session_26__set_5_coil0deg.h5,pre,N45,3.3517323,35.0
SMA_session_26__set_5_coil0deg.h5,pre,P60,2.4229684,50.0
SMA_session_26__set_5_coil0deg.h5,pre,N100,3.457787,97.6
SMA_session_26__set_5_coil0deg.h5,pre,P180,4.0067368,188.8
SMA_session_26__set_5_coil0deg.h5,imagery,P30,2.7887619,31.8
SMA_session_26__set_5_coil0deg.h5,imagery,N45,2.4278631,35.0
SMA_session_26__set_5_coil0deg.h5,imagery,P60,2.1980302,76.6
SMA_session_26__set_5_coil0deg.h5,imagery,N100,2.7188125,117.6
SMA_session_26__set_5_coil0deg.h5,imagery,P180,2.9038334,191.6
SMA_session_26__set_5_coil0deg.h5,post,P30,0.0,20.0
SMA_session_26__set_5_coil0deg.h5,post,N45,0.0,35.0
SMA_session_26__set_5_coil0deg.h5,post,P60,0.0,50.0
SMA_session_26__set_5_coil0deg.h5,post,N100,0.0,80.0
SMA_session_26__set_5_coil0deg.h5,post,P180,0.0,150.0
